# Season,Team,Win%,OppWin%
# 
B
722
0.533333333
0.614871993
