# Season,Team,Win%,OppWin%
# 
B
712
0.259259259
0.490482604
