# Season,Team,Win%,OppWin%
# ,A,502,0.083333333,0.560239071,